FN3998,BAN 620,BAN 620-01,yg1234,10/14/2019,12/9/2019
FN3998,BAN 602,BAN 602-02,ak1235,8/19/2019,10/7/2019
FN3998,BAN 610,BAN 610-01,jr6780,8/21/2019,12/11/2019
FN3998,BAN 601,BAN 601-02,jw4556,8/28/2019,12/13/2019
IB2273,BAN 620,BAN 620-02,ak1235,10/14/2019,12/9/2019
IB2273,BAN 610,BAN 610-01,jr6780,8/21/2019,12/11/2019
IB2273,BAN 601,BAN 601-02,jw4556,8/28/2019,12/13/2019
IB2273,BAN 602,BAN 602-03,br2334,8/19/2019,10/7/2019
FU5452,BAN 620,BAN 620-02,ak1235,10/14/2019,12/9/2019
FU5452,BAN 610,BAN 610-01,jr6780,8/21/2019,12/11/2019
FU5452,BAN 601,BAN 601-01,jw4556,1/28/2019,5/13/2019
FU5452,BAN 602,BAN 602-01,cw0445,1/29/2019,5/11/2019
PK9324,BAN 620,BAN 620-02,ak1235,10/14/2019,12/9/2019
PK9324,BAN 602,BAN 602-02,ak1235,8/19/2019,10/7/2019
PK9324,BAN 610,BAN 610-01,jr6780,8/21/2019,12/11/2019
PK9324,BAN 601,BAN 601-02,jw4556,8/28/2019,12/13/2019
HW3698,BAN 620,BAN 620-02,ak1235,10/14/2019,12/9/2019
HW3698,BAN 602,BAN 602-02,ak1235,8/19/2019,10/7/2019
HW3698,BAN 610,BAN 610-01,jr6780,8/21/2019,12/11/2019
HW3698,BAN 601,BAN 601-02,jw4556,8/28/2019,12/13/2019
